name,startDate,domain,mode,link
International Conference on Big Data and Artificial Intelligence and IoT (ICBDAIT),2025-06-01,Machine Learning/AI,Offline,https://www.allconferencealert.com/event/1336683
International Conference on Smart Technology, Artificial Intelligence and Computer Engineering (ICSTAICE),2025-06-01,Machine Learning/AI,Offline,https://www.allconferencealert.com/event/1346183
International conference on Artificial Intelligence (ICAI),2025-06-01,Machine Learning/AI,Offline,https://www.allconferencealert.com/event/1585365
International Conference on Big Data and Artificial Intelligence and IoT (ICBDAIT),2025-06-01,Machine Learning/AI,Offline,https://www.allconferencealert.com/event/1585397
International Conference on Electronics, Artificial Intelligence & Robotics (ICEAIR),2025-06-01,Machine Learning/AI,Offline,https://www.allconferencealert.com/event/1355503
International conference on Artificial Intelligence (ICAI),2025-06-01,Machine Learning/AI,Offline,https://www.allconferencealert.com/event/1336707
International Conference on Robotics, Machine Learning and Artificial Intelligence (ICRMLAI),2025-06-01,Machine Learning/AI,Offline,https://www.allconferencealert.com/event/1325360
International conference on Artificial Intelligence (ICAI),2025-06-01,Machine Learning/AI,Offline,https://www.allconferencealert.com/event/1585379
International Conference on Computer Science, Machine Learning and Artificial Intelligence (ICCSMLAI),2025-06-01,Machine Learning/AI,Offline,https://www.allconferencealert.com/event/1586142
International Conference on Advances in Artificial Intelligence and Computer Science (ICAAICS),2025-06-01,Machine Learning/AI,Offline,https://www.allconferencealert.com/event/1611640
International Conference on Robotics, Machine Learning and Artificial Intelligence (ICRMLAI),2025-06-01,Machine Learning/AI,Offline,https://www.allconferencealert.com/event/1325369
International Conference on Smart Technology, Artificial Intelligence and Computer Engineering (ICSTAICE),2025-06-01,Machine Learning/AI,Offline,https://www.allconferencealert.com/event/1583517
International Conference on Artificial Intelligence and Applications (ICAIA),2025-06-01,Machine Learning/AI,Offline,https://www.allconferencealert.com/event/1619070
International Conference on Artificial Intelligence and Soft Computing (ICAISC),2025-06-01,Machine Learning/AI,Offline,https://www.allconferencealert.com/event/1285136
International Conference on Computer Science, Machine Learning and Artificial Intelligence (ICCSMLAI),2025-06-01,Machine Learning/AI,Offline,https://www.allconferencealert.com/event/1329430
International Conference on Computer Science, Machine Learning and Artificial Intelligence (ICCSMLAI),2025-06-01,Machine Learning/AI,Offline,https://www.allconferencealert.com/event/1329437
International Conference on Advances in Artificial Intelligence and Computer Science (ICAAICS),2025-06-01,Machine Learning/AI,Offline,https://www.allconferencealert.com/event/1297145
International Conference on Robotics, AI and Computer Engineering (ICRACE),2025-06-01,Machine Learning/AI,Offline,https://www.allconferencealert.com/event/1322702
International Conference on Computer Science, Machine Learning and Artificial Intelligence (ICCSMLAI),2025-06-01,Machine Learning/AI,Offline,https://www.allconferencealert.com/event/1586149
International conference on Artificial Intelligence (ICAI),2025-06-01,Machine Learning/AI,Offline,https://www.allconferencealert.com/event/1336693
International conference on Artificial Intelligence (ICAI),2025-06-01,Machine Learning/AI,Offline,https://www.allconferencealert.com/event/1336679
International Conference on Big Data and Artificial Intelligence and IoT (ICBDAIT),2025-06-01,Machine Learning/AI,Offline,https://www.allconferencealert.com/event/1336697
International Conference on Computer Science, Machine Learning and Artificial Intelligence (ICCSMLAI),2025-06-01,Machine Learning/AI,Offline,https://www.allconferencealert.com/event/1329423
International Conference on Artificial Intelligence and Applications (ICAIA),2025-06-01,Machine Learning/AI,Offline,https://www.allconferencealert.com/event/1530761
International conference on Artificial Intelligence (ICAI),2025-06-01,Machine Learning/AI,Offline,https://www.allconferencealert.com/event/1585393
International Conference on Advances in Artificial Intelligence and Computer Science (ICAAICS),2025-06-01,Machine Learning/AI,Offline,https://www.allconferencealert.com/event/1611632
International Conference on Robotics, Machine Learning and Artificial Intelligence (ICRMLAI),2025-06-01,Machine Learning/AI,Offline,https://www.allconferencealert.com/event/1600873
International Conference on Big Data and Artificial Intelligence and IoT (ICBDAIT),2025-06-01,Machine Learning/AI,Offline,https://www.allconferencealert.com/event/1336711
International Conference on Big Data and Artificial Intelligence and IoT (ICBDAIT),2025-06-01,Machine Learning/AI,Offline,https://www.allconferencealert.com/event/1585369
International Conference on Robotics, Machine Learning and Artificial Intelligence (ICRMLAI),2025-06-01,Machine Learning/AI,Offline,https://www.allconferencealert.com/event/1600882
International Conference on Robotics, Machine Learning and Artificial Intelligence (ICRMLAI),2025-06-01,Machine Learning/AI,Offline,https://www.allconferencealert.com/event/1325378
International Conference on Artificial Intelligence and Applications (ICAIA),2025-06-01,Machine Learning/AI,Offline,https://www.allconferencealert.com/event/1619057
International Conference on Big Data and Artificial Intelligence and IoT (ICBDAIT),2025-06-01,Machine Learning/AI,Offline,https://www.allconferencealert.com/event/1306631
International Conference on Robotics, Machine Learning and Artificial Intelligence (ICRMLAI),2025-06-01,Machine Learning/AI,Offline,https://www.allconferencealert.com/event/1600864
International conference on Artificial Intelligence (ICAI),2025-06-01,Machine Learning/AI,Offline,https://www.allconferencealert.com/event/1306627
International Conference on Big Data and Artificial Intelligence and IoT (ICBDAIT),2025-06-01,Machine Learning/AI,Offline,https://www.allconferencealert.com/event/1585383
International Conference on Smart Technology, Artificial Intelligence and Computer Engineering (ICSTAICE),2025-06-02,Machine Learning/AI,Offline,https://www.allconferencealert.com/event/1583526
International Conference on Big Data and Artificial Intelligence and IoT (ICBDAIT),2025-06-02,Machine Learning/AI,Offline,https://www.allconferencealert.com/event/1585411
International Conference on Robotics, Machine Learning and Artificial Intelligence (ICRMLAI),2025-06-02,Machine Learning/AI,Offline,https://www.allconferencealert.com/event/1600891
International conference on Artificial Intelligence (ICAI),2025-06-02,Machine Learning/AI,Offline,https://www.allconferencealert.com/event/1585435
International Conference on Artificial Intelligence and Applications (ICAIA),2025-06-02,Machine Learning/AI,Offline,https://www.allconferencealert.com/event/1619096
International Conference on Robotics, Machine Learning and Artificial Intelligence (ICRMLAI),2025-06-02,Machine Learning/AI,Offline,https://www.allconferencealert.com/event/1600909
International Conference on Big Data and Artificial Intelligence and IoT (ICBDAIT),2025-06-02,Machine Learning/AI,Offline,https://www.allconferencealert.com/event/1336725
International Conference on Artificial Intelligence and Applications (ICAIA),2025-06-02,Machine Learning/AI,Offline,https://www.allconferencealert.com/event/1619109
International Conference on Big Data and Artificial Intelligence and IoT (ICBDAIT),2025-06-02,Machine Learning/AI,Offline,https://www.allconferencealert.com/event/1585425
International Conference on Big Data and Artificial Intelligence and IoT (ICBDAIT),2025-06-02,Machine Learning/AI,Offline,https://www.allconferencealert.com/event/1585439
International Conference on Smart Technology, Artificial Intelligence and Computer Engineering (ICSTAICE),2025-06-02,Machine Learning/AI,Offline,https://www.allconferencealert.com/event/1290007
International conference on Artificial Intelligence (ICAI),2025-06-02,Machine Learning/AI,Offline,https://www.allconferencealert.com/event/1585407
International Conference on Artificial Intelligence and Applications (ICAIA),2025-06-02,Machine Learning/AI,Offline,https://www.allconferencealert.com/event/1365632
International Conference on Artificial Intelligence and Machine Learning (ICAIML),2025-06-02,Machine Learning/AI,Offline,https://www.allconferencealert.com/event/1509881
