Name,Listing Date,Venue,Submission Deadline,Conference Start Date,Conference End Date,Link
International Conference on Big Data and Artificial Intelligence and IoT (ICBDAIT),"Jun 01, 2025","Hyderabad, Telangana, India",2025-05-16,2025-06-01,2025-06-01,https://www.allconferencealert.com/event/1336683
"International Conference on Smart Technology, Artificial Intelligence and Computer Engineering (ICSTAICE)","Jun 01, 2025","Pune, Maharashtra, India",2025-05-16,2025-06-01,2025-06-01,https://www.allconferencealert.com/event/1346183
International conference on Artificial Intelligence (ICAI),"Jun 01, 2025","Vizag, Andhra Pradesh, India",2025-05-17,2025-06-01,2025-06-01,https://www.allconferencealert.com/event/1585365
International Conference on Big Data and Artificial Intelligence and IoT (ICBDAIT),"Jun 01, 2025","Andaman and Nicobar, India",2025-05-17,2025-06-01,2025-06-01,https://www.allconferencealert.com/event/1585397
"International Conference on Electronics, Artificial Intelligence & Robotics (ICEAIR)","Jun 01, 2025","Male, Maldives",2025-05-10,2025-06-01,2025-06-02,https://www.allconferencealert.com/event/1355503
International conference on Artificial Intelligence (ICAI),"Jun 01, 2025","Tiruchirappalli, Tamil Nadu, India",2025-05-16,2025-06-01,2025-06-01,https://www.allconferencealert.com/event/1336707
"International Conference on Robotics, Machine Learning and Artificial Intelligence (ICRMLAI)","Jun 01, 2025","Pondicherry, India",2025-05-16,2025-06-01,2025-06-01,https://www.allconferencealert.com/event/1325360
International conference on Artificial Intelligence (ICAI),"Jun 01, 2025","Thrissur, Kerala, India",2025-05-17,2025-06-01,2025-06-01,https://www.allconferencealert.com/event/1585379
"International Conference on Computer Science, Machine Learning and Artificial Intelligence (ICCSMLAI)","Jun 01, 2025","Tirunelveli, Tamil Nadu, India",2025-05-17,2025-06-01,2025-06-01,https://www.allconferencealert.com/event/1586142
International Conference on Advances in Artificial Intelligence and Computer Science (ICAAICS),"Jun 01, 2025","Ahmednagar, Maharashtra, India",2025-05-17,2025-06-01,2025-06-01,https://www.allconferencealert.com/event/1611640
"International Conference on Robotics, Machine Learning and Artificial Intelligence (ICRMLAI)","Jun 01, 2025","Pune, Maharashtra, India",2025-05-16,2025-06-01,2025-06-01,https://www.allconferencealert.com/event/1325369
"International Conference on Smart Technology, Artificial Intelligence and Computer Engineering (ICSTAICE)","Jun 01, 2025","Bangalore, Karnataka, India",2025-05-17,2025-06-01,2025-06-01,https://www.allconferencealert.com/event/1583517
International Conference on Artificial Intelligence and Applications (ICAIA),"Jun 01, 2025","Patiala, Punjab, India",2025-05-17,2025-06-01,2025-06-02,https://www.allconferencealert.com/event/1619070
International Conference on Artificial Intelligence and Soft Computing (ICAISC),"Jun 01, 2025","Dhaka, Bangladesh",2025-05-17,2025-06-01,2025-06-02,https://www.allconferencealert.com/event/1285136
"International Conference on Computer Science, Machine Learning and Artificial Intelligence (ICCSMLAI)","Jun 01, 2025","Munnar, Kerala, India",2025-05-16,2025-06-01,2025-06-01,https://www.allconferencealert.com/event/1329430
"International Conference on Computer Science, Machine Learning and Artificial Intelligence (ICCSMLAI)","Jun 01, 2025","Raipur, Chhattisgarh, India",2025-05-16,2025-06-01,2025-06-01,https://www.allconferencealert.com/event/1329437
International Conference on Advances in Artificial Intelligence and Computer Science (ICAAICS),"Jun 01, 2025","Hamilton, Canada",2025-05-10,2025-06-01,2025-06-02,https://www.allconferencealert.com/event/1297145
"International Conference on Robotics, AI and Computer Engineering (ICRACE)","Jun 01, 2025","Hamburg, Germany",2025-05-17,2025-06-01,2025-06-02,https://www.allconferencealert.com/event/1322702
"International Conference on Computer Science, Machine Learning and Artificial Intelligence (ICCSMLAI)","Jun 01, 2025","Ratlam, Madhya Pradesh, India",2025-05-17,2025-06-01,2025-06-01,https://www.allconferencealert.com/event/1586149
International conference on Artificial Intelligence (ICAI),"Jun 01, 2025","Munnar, Kerala, India",2025-05-16,2025-06-01,2025-06-01,https://www.allconferencealert.com/event/1336693
International conference on Artificial Intelligence (ICAI),"Jun 01, 2025","Hyderabad, Telangana, India",2025-05-16,2025-06-01,2025-06-01,https://www.allconferencealert.com/event/1336679
International Conference on Big Data and Artificial Intelligence and IoT (ICBDAIT),"Jun 01, 2025","Munnar, Kerala, India",2025-05-16,2025-06-01,2025-06-01,https://www.allconferencealert.com/event/1336697
"International Conference on Computer Science, Machine Learning and Artificial Intelligence (ICCSMLAI)","Jun 01, 2025","Indore, Madhya Pradesh, India",2025-05-16,2025-06-01,2025-06-01,https://www.allconferencealert.com/event/1329423
International Conference on Artificial Intelligence and Applications (ICAIA),"Jun 01, 2025","Putrajaya, Malaysia",2025-05-17,2025-06-01,2025-06-02,https://www.allconferencealert.com/event/1530761
International conference on Artificial Intelligence (ICAI),"Jun 01, 2025","Andaman and Nicobar, India",2025-05-17,2025-06-01,2025-06-01,https://www.allconferencealert.com/event/1585393
International Conference on Advances in Artificial Intelligence and Computer Science (ICAAICS),"Jun 01, 2025","Bangalore, Karnataka, India",2025-05-17,2025-06-01,2025-06-01,https://www.allconferencealert.com/event/1611632
"International Conference on Robotics, Machine Learning and Artificial Intelligence (ICRMLAI)","Jun 01, 2025","Ajmer, Rajasthan, India",2025-05-17,2025-06-01,2025-06-01,https://www.allconferencealert.com/event/1600873
International Conference on Big Data and Artificial Intelligence and IoT (ICBDAIT),"Jun 01, 2025","Tiruchirappalli, Tamil Nadu, India",2025-05-16,2025-06-01,2025-06-01,https://www.allconferencealert.com/event/1336711
International Conference on Big Data and Artificial Intelligence and IoT (ICBDAIT),"Jun 01, 2025","Vizag, Andhra Pradesh, India",2025-05-17,2025-06-01,2025-06-01,https://www.allconferencealert.com/event/1585369
"International Conference on Robotics, Machine Learning and Artificial Intelligence (ICRMLAI)","Jun 01, 2025","Belgaum, Karnataka, India",2025-05-17,2025-06-01,2025-06-01,https://www.allconferencealert.com/event/1600882
"International Conference on Robotics, Machine Learning and Artificial Intelligence (ICRMLAI)","Jun 01, 2025","Madurai, Tamil Nadu, India",2025-05-16,2025-06-01,2025-06-01,https://www.allconferencealert.com/event/1325378
International Conference on Artificial Intelligence and Applications (ICAIA),"Jun 01, 2025","Ernakulam, Kerala, India",2025-05-17,2025-06-01,2025-06-02,https://www.allconferencealert.com/event/1619057
International Conference on Big Data and Artificial Intelligence and IoT (ICBDAIT),"Jun 01, 2025","Sharjah, UAE",2025-05-10,2025-06-01,2025-06-02,https://www.allconferencealert.com/event/1306631
"International Conference on Robotics, Machine Learning and Artificial Intelligence (ICRMLAI)","Jun 01, 2025","Mumbai, Maharashtra, India",2025-05-17,2025-06-01,2025-06-01,https://www.allconferencealert.com/event/1600864
International conference on Artificial Intelligence (ICAI),"Jun 01, 2025","Sharjah, UAE",2025-05-10,2025-06-01,2025-06-02,https://www.allconferencealert.com/event/1306627
International Conference on Big Data and Artificial Intelligence and IoT (ICBDAIT),"Jun 01, 2025","Thrissur, Kerala, India",2025-05-17,2025-06-01,2025-06-01,https://www.allconferencealert.com/event/1585383
"International Conference on Smart Technology, Artificial Intelligence and Computer Engineering (ICSTAICE)","Jun 02, 2025","Shillong, Meghalaya, India",2025-05-18,2025-06-02,2025-06-02,https://www.allconferencealert.com/event/1583526
International Conference on Big Data and Artificial Intelligence and IoT (ICBDAIT),"Jun 02, 2025","Shillong, Meghalaya, India",2025-05-18,2025-06-02,2025-06-02,https://www.allconferencealert.com/event/1585411
"International Conference on Robotics, Machine Learning and Artificial Intelligence (ICRMLAI)","Jun 02, 2025","Madurai, Tamil Nadu, India",2025-05-18,2025-06-02,2025-06-02,https://www.allconferencealert.com/event/1600891
International conference on Artificial Intelligence (ICAI),"Jun 02, 2025","Mysuru, Karnataka, India",2025-05-18,2025-06-02,2025-06-02,https://www.allconferencealert.com/event/1585435
International Conference on Artificial Intelligence and Applications (ICAIA),"Jun 02, 2025","Rameswaram, Tamil Nadu, India",2025-05-18,2025-06-02,2025-06-03,https://www.allconferencealert.com/event/1619096
"International Conference on Robotics, Machine Learning and Artificial Intelligence (ICRMLAI)","Jun 02, 2025","Kalyan, Maharashtra, India",2025-05-18,2025-06-02,2025-06-02,https://www.allconferencealert.com/event/1600909
International Conference on Big Data and Artificial Intelligence and IoT (ICBDAIT),"Jun 02, 2025","Tumakuru, Karnataka, India",2025-05-17,2025-06-02,2025-06-02,https://www.allconferencealert.com/event/1336725
International Conference on Artificial Intelligence and Applications (ICAIA),"Jun 02, 2025","Jamshedpur, Jharkhand, India",2025-05-18,2025-06-02,2025-06-03,https://www.allconferencealert.com/event/1619109
International Conference on Big Data and Artificial Intelligence and IoT (ICBDAIT),"Jun 02, 2025","Tirunelveli, Tamil Nadu, India",2025-05-18,2025-06-02,2025-06-02,https://www.allconferencealert.com/event/1585425
International Conference on Big Data and Artificial Intelligence and IoT (ICBDAIT),"Jun 02, 2025","Mysuru, Karnataka, India",2025-05-18,2025-06-02,2025-06-02,https://www.allconferencealert.com/event/1585439
"International Conference on Smart Technology, Artificial Intelligence and Computer Engineering (ICSTAICE)","Jun 02, 2025","Istanbul, Turkey",2025-05-11,2025-06-02,2025-06-03,https://www.allconferencealert.com/event/1290007
International conference on Artificial Intelligence (ICAI),"Jun 02, 2025","Shillong, Meghalaya, India",2025-05-18,2025-06-02,2025-06-02,https://www.allconferencealert.com/event/1585407
International Conference on Artificial Intelligence and Applications (ICAIA),"Jun 02, 2025","Seattle, Washington, USA",2025-05-11,2025-06-02,2025-06-03,https://www.allconferencealert.com/event/1365632
International Conference on Artificial Intelligence and Machine Learning (ICAIML),"Jun 02, 2025","Kuala Lumpur, Malaysia",2025-05-18,2025-06-02,2025-06-03,https://www.allconferencealert.com/event/1509881
